{
    "vertex_count": 5124,
    "frame_count": 1,
    "min_bounds": [
        -0.793342,
        -0.809446,
        -0.781304
    ],
    "max_bounds": [
        0.81047,
        0.811703,
        0.76253
    ]
}